f1_distancia,f2_veiculos
524.0293871765293,7.0
483.6704064010643,9.0
494.24283529626274,8.0
