metodo,f1_distancia,f2_veiculos
nsga2_warmstart,266.0757312127207,4
nsga2_aleatorio,495.49487192437203,6
nsga2_aleatorio,420.53703380751057,7
