seed,f1_distancia,f2_veiculos
1,343.56696447183697,4
2,303.0191697656816,4
3,309.4968831088244,5
4,307.8875590706402,5
5,266.0757312127207,4
