{
  "instance": "C101",
  "n_customers": 25,
  "baseline": {
    "f1": 556.5083884521177,
    "f2": 10
  },
  "ga_5seeds": {
    "f1_mean": 306.0092615259408,
    "f1_std": 24.616661221845803,
    "f2_mean": 4.4,
    "f2_std": 0.48989794855663565,
    "f1_best": 266.0757312127207
  },
  "nsga2_initial_front": [
    [
      524.0293871765293,
      7.0
    ],
    [
      483.6704064010643,
      9.0
    ],
    [
      494.24283529626274,
      8.0
    ]
  ],
  "warmstart_effect": {
    "f1_random_gen0": 686.2680886298442,
    "f1_random_gen80": 424.2040490697108,
    "f1_warmstart_gen0": 266.0757312127207,
    "f1_warmstart_gen80": 218.088889849093
  }
}